{"cameraMode":{"drawMode":0,"name":"Shaded","section":"Shading Mode"},"sceneLighting":false,"audioPlay":false,"sceneViewState":{"m_AlwaysRefresh":false,"showFog":true,"showSkybox":true,"showFlares":true,"showImageEffects":true,"showParticleSystems":true,"showVisualEffectGraphs":true,"m_FxEnabled":true},"in2DMode":false,"pivot":{"x":27.84000015258789,"y":-1.5799999237060547,"z":0.30000001192092898},"rotation":{"x":-0.19305594265460969,"y":-0.1561587005853653,"z":0.031142713502049447,"w":-0.9682334065437317},"size":6.829426288604736,"orthographic":false}