{"cameraMode":{"drawMode":0,"name":"Shaded","section":"Shading Mode"},"sceneLighting":false,"audioPlay":false,"sceneViewState":{"m_AlwaysRefresh":false,"showFog":true,"showSkybox":true,"showFlares":true,"showImageEffects":true,"showParticleSystems":true,"showVisualEffectGraphs":true,"m_FxEnabled":true},"in2DMode":false,"pivot":{"x":17.240585327148439,"y":2.205143690109253,"z":-11.560358047485352},"rotation":{"x":-0.01804341748356819,"y":-0.16955162584781648,"z":0.003102279268205166,"w":-0.985353946685791},"size":0.1943456530570984,"orthographic":false}